id,surface,text,value,unit,dateShown,datasetField,source,traceability,reproduction,witnesses,wording
C001,/,measured: of Apple’s last dividend never arrived,36%,,14 Aug 2026 · priced at the instant of the step,reconciliations.observed.json rows[AAPL matched].impliedHaircutBps=3601,scripts/build-reconciliations.mjs; getRoundData(18446744073709552078) on 0x6B22…cD0,traced,reproduced by hand: 3601.81 bps -> 3601 (floor) / 3602 (round); received 0.172751,"chain: 2 endpoints at head (blockmachine, Robinhood); state at the step: blockmachine only; Chainlink directory refetched 2026-09-05T19:55Z; round read from the aggregator",holds; S4 price stored at 4 dp (F08)
C002,/,measured: of transfers outside US market hours,74.3%,,59 samples · 3–5 September 2026 · the figure to check was 46%,"session-share.observed.json transferShare.offHours=0.7433, sampleCount=61",scripts/measure-session-share.mjs (hourly),"traced; the live page shows the previous hour (74.1 %, 60 samples) - F11","recomputed 0.7433 from the 61 samples, hour-weighted; classifier agrees on 61/61",single collector; chain reads not re-run (windows are past),holds; sample and dates stated
C003,/,"measured: tokens created net, 23 h","+2,685,113",,188 tokens · to 5 Sept 2026,"primary-flows.observed.json windows[-1] netCreated=2685113.24, mints=3203, burns=513",scripts/measure-primary-flows.mjs (daily),traced,recomputed: minted - burned = net; windows contiguous,single collector run; not re-read from chain,holds
C004,/,dividend row: Apple   AAPL,13 Aug 2026 | $0.27 | $0.17 | 36 %,,,reconciliations.observed.json rows[AAPL matched].impliedHaircutBps=3601,scripts/build-reconciliations.mjs; getRoundData(18446744073709552078) on 0x6B22…cD0,traced,reproduced by hand: 3601.81 bps -> 3601 (floor) / 3602 (round); received 0.172751,"chain: 2 endpoints at head (blockmachine, Robinhood); state at the step: blockmachine only; Chainlink directory refetched 2026-09-05T19:55Z; round read from the aggregator",holds; S4 price stored at 4 dp (F08)
C005,/,dividend row: iShares 0-3 Month Treasury Bond   SGOV,6 Aug 2026 | $0.31 | $0.20 | 34 %,,,reconciliations rows[SGOV 2026-08-07].impliedHaircutBps=3378,scripts/build-reconciliations.mjs; round 18446744073709551646 on 0xa0DF…A11,traced,reproduced by hand: 3378.13 bps -> 3378; received 0.203167,"chain: 2 endpoints at head (blockmachine, Robinhood); state at the step: blockmachine only; Chainlink directory refetched 2026-09-05T19:55Z; round read from the aggregator",holds
C006,/,dividend row: Ford Motor   F,1 Sept 2026 | $0.15 | — | no price feed,,,"reconciliations rows[F/CCL/COST] status=anomaly, price absent",scripts/build-reconciliations.mjs,traced,"reproduced: no feed, no quote at effect -> anomaly","chain: 2 endpoints at head (blockmachine, Robinhood); state at the step: blockmachine only; capture record (effective-prices)","holds ('no price feed', no figure)"
C007,/,dividend row: Carnival Corporation   CCL,28 Aug 2026 | $0.15 | — | no price feed,,,"reconciliations rows[F/CCL/COST] status=anomaly, price absent",scripts/build-reconciliations.mjs,traced,"reproduced: no feed, no quote at effect -> anomaly","chain: 2 endpoints at head (blockmachine, Robinhood); state at the step: blockmachine only; capture record (effective-prices)","holds ('no price feed', no figure)"
C008,/,dividend row: Costco   COST,7 Aug 2026 | $1.47 | — | no price feed,,,"reconciliations rows[F/CCL/COST] status=anomaly, price absent",scripts/build-reconciliations.mjs,traced,"reproduced: no feed, no quote at effect -> anomaly","chain: 2 endpoints at head (blockmachine, Robinhood); state at the step: blockmachine only; capture record (effective-prices)","holds ('no price feed', no figure)"
C009,/,dividend row: ASML Holding NV   ASML,5 Aug 2026 | $1.82 | $0.17 | doesn’t add up,,,reconciliations rows[ASML].impliedHaircutBps=9037 (anomaly),scripts/build-reconciliations.mjs,traced,"reproduced: 9037 bps, outside [-100, 5000] -> anomaly","chain: 2 endpoints at head (blockmachine, Robinhood); state at the step: blockmachine only","holds ('doesn't add up', no figure shown)"
C010,/,ring figcaption,36 %  of  Apple ’s last dividend never arrived on chain. Declared $ 0.27  · Arrived $ 0.17  ·  14 August 2026,,,reconciliations.observed.json rows[AAPL matched].impliedHaircutBps=3601,scripts/build-reconciliations.mjs; getRoundData(18446744073709552078) on 0x6B22…cD0,traced,reproduced by hand: 3601.81 bps -> 3601 (floor) / 3602 (round); received 0.172751,"chain: 2 endpoints at head (blockmachine, Robinhood); state at the step: blockmachine only; Chainlink directory refetched 2026-09-05T19:55Z; round read from the aggregator",holds; S4 price stored at 4 dp (F08)
C011,/dividends/,"stat: declared, not on chain",37,,35 tokens,reconciliations summary.pending=37,scripts/build-reconciliations.mjs,traced; INCOMPLETE: VRT 09-24 and AVGO 09-30 absent (F02); API says 38,recounted 37 from the file,issuer API refetched 2026-09-05T19:55Z,S3: undercount not declared (F02)
C012,/dividends/,stat: the issuer calls paid,7,,oldest 31 days,reconciliations rows pending & actionStatus=COMPLETED (7),,traced,recounted 7,issuer API refetched 2026-09-05T19:55Z,holds
C013,/dividends/,stat: landed on chain,12,,since 2 Jul 2026,multiplier-events.observed.json 12 distinct changes,,traced; INCOMPLETE: UPS 2026-09-04 missing (F01),rescan in a clean clone finds 14 logs / 13 changes,"chain: 2 endpoints at head (blockmachine, Robinhood); state at the step: blockmachine only","S0: 13 landed, page says 12 (F01)"
C014,/dividends/,stat: measured cleanly,2,,10 cannot be,"reconciliations matched=2, anomaly+unmatched=10",,traced,recounted 2 / 10,"chain: 2 endpoints at head (blockmachine, Robinhood); state at the step: blockmachine only",holds
C015,/dividends/,stat: warning before a change,~10 min,,11 of 12 within 10 min,multiplier-events leadMinutes,,traced,"recomputed: median 9.6 min, 11 of 12 within 10 min","chain: 2 endpoints at head (blockmachine, Robinhood); state at the step: blockmachine only",holds
C016,/dividends/,stat: after the issuer’s date,1 day,,6 datable cases,reconciliations change.lagDays on 6 datable rows,,traced,"recomputed: lags 1,1,3,1,3,1 -> median 1 day, 4 of 6 at 1 day",issuer API refetched 2026-09-05T19:55Z,holds
C017,/dividends/,coming rows,37,,,reconciliations summary.pending=37,scripts/build-reconciliations.mjs,traced; INCOMPLETE: VRT 09-24 and AVGO 09-30 absent (F02); API says 38,recounted 37 from the file,issuer API refetched 2026-09-05T19:55Z,S3: undercount not declared (F02)
C018,/dividends/,landed rows,12,,,multiplier-events.observed.json 12 distinct changes,,traced; INCOMPLETE: UPS 2026-09-04 missing (F01),rescan in a clean clone finds 14 logs / 13 changes,"chain: 2 endpoints at head (blockmachine, Robinhood); state at the step: blockmachine only","S0: 13 landed, page says 12 (F01)"
C019,/dividends/,landed row: Ford Motor   F,2 Sept 2026 +0.015% | $0.1500 | — | no price feed,,,"reconciliations rows[F/CCL/COST] status=anomaly, price absent",scripts/build-reconciliations.mjs,traced,"reproduced: no feed, no quote at effect -> anomaly","chain: 2 endpoints at head (blockmachine, Robinhood); state at the step: blockmachine only; capture record (effective-prices)","holds ('no price feed', no figure)"
C020,/dividends/,landed row: iShares 0-3 Month Treasury Bond   SGOV,1 Sept 2026 +0.211% | — | — | nothing declared,,,reconciliations rows status=unmatched,,traced,reproduced: no issuer row inside the 4-day window,"chain: 2 endpoints at head (blockmachine, Robinhood); state at the step: blockmachine only",holds ('nothing declared'; July loss is known gap 1.6)
C021,/dividends/,landed row: Carnival Corporation   CCL,31 Aug 2026 +2.149% | $0.1500 | — | no price feed,,,"reconciliations rows[F/CCL/COST] status=anomaly, price absent",scripts/build-reconciliations.mjs,traced,"reproduced: no feed, no quote at effect -> anomaly","chain: 2 endpoints at head (blockmachine, Robinhood); state at the step: blockmachine only; capture record (effective-prices)","holds ('no price feed', no figure)"
C022,/dividends/,landed row: Apple   AAPL,14 Aug 2026 +0.057% | $0.2700 | $0.1728 | 36 %,,,reconciliations.observed.json rows[AAPL matched].impliedHaircutBps=3601,scripts/build-reconciliations.mjs; getRoundData(18446744073709552078) on 0x6B22…cD0,traced,reproduced by hand: 3601.81 bps -> 3601 (floor) / 3602 (round); received 0.172751,"chain: 2 endpoints at head (blockmachine, Robinhood); state at the step: blockmachine only; Chainlink directory refetched 2026-09-05T19:55Z; round read from the aggregator",holds; S4 price stored at 4 dp (F08)
C023,/dividends/,landed row: Costco   COST,10 Aug 2026 +0.061% | $1.4700 | — | no price feed,,,"reconciliations rows[F/CCL/COST] status=anomaly, price absent",scripts/build-reconciliations.mjs,traced,"reproduced: no feed, no quote at effect -> anomaly","chain: 2 endpoints at head (blockmachine, Robinhood); state at the step: blockmachine only; capture record (effective-prices)","holds ('no price feed', no figure)"
C024,/dividends/,landed row: iShares 0-3 Month Treasury Bond   SGOV,7 Aug 2026 +0.202% | $0.3068 | $0.2032 | 34 %,,,reconciliations rows[SGOV 2026-08-07].impliedHaircutBps=3378,scripts/build-reconciliations.mjs; round 18446744073709551646 on 0xa0DF…A11,traced,reproduced by hand: 3378.13 bps -> 3378; received 0.203167,"chain: 2 endpoints at head (blockmachine, Robinhood); state at the step: blockmachine only; Chainlink directory refetched 2026-09-05T19:55Z; round read from the aggregator",holds
C025,/dividends/,landed row: ASML Holding NV   ASML,6 Aug 2026 +0.010% | $1.8171 | $0.1749 | doesn’t add up,,,reconciliations rows[ASML].impliedHaircutBps=9037 (anomaly),scripts/build-reconciliations.mjs,traced,"reproduced: 9037 bps, outside [-100, 5000] -> anomaly","chain: 2 endpoints at head (blockmachine, Robinhood); state at the step: blockmachine only","holds ('doesn't add up', no figure shown)"
C026,/dividends/,landed row: Dell   DELL,3 Aug 2026 +0.006% | — | — | nothing declared,,,reconciliations rows status=unmatched,,traced,reproduced: no issuer row inside the 4-day window,"chain: 2 endpoints at head (blockmachine, Robinhood); state at the step: blockmachine only",holds ('nothing declared'; July loss is known gap 1.6)
C027,/dividends/,landed row: Oracle   ORCL,27 Jul 2026 +0.221% | — | — | nothing declared,,,reconciliations rows status=unmatched,,traced,reproduced: no issuer row inside the 4-day window,"chain: 2 endpoints at head (blockmachine, Robinhood); state at the step: blockmachine only",holds ('nothing declared'; July loss is known gap 1.6)
C028,/dividends/,landed row: Micron Technology   MU,24 Jul 2026 +0.007% | — | — | nothing declared,,,reconciliations rows status=unmatched,,traced,reproduced: no issuer row inside the 4-day window,"chain: 2 endpoints at head (blockmachine, Robinhood); state at the step: blockmachine only",holds ('nothing declared'; July loss is known gap 1.6)
C029,/dividends/,landed row: iShares 0-3 Month Treasury Bond   SGOV,8 Jul 2026 +0.096% | — | — | nothing declared,,,reconciliations rows status=unmatched,,traced,reproduced: no issuer row inside the 4-day window,"chain: 2 endpoints at head (blockmachine, Robinhood); state at the step: blockmachine only",holds ('nothing declared'; July loss is known gap 1.6)
C030,/dividends/,landed row: CrowdStrike Holdings   CRWD,2 Jul 2026 ×4 split | — | — | nothing declared,,,reconciliations rows status=unmatched,,traced,reproduced: no issuer row inside the 4-day window,"chain: 2 endpoints at head (blockmachine, Robinhood); state at the step: blockmachine only",holds ('nothing declared'; July loss is known gap 1.6)
C031,/market/,"stat: median gap, traded vs oracle",46 bps,,26 tokens,dex-feed-gap.observed.json summary (17:26 reading on the live page; 18:30 in the record),scripts/measure-dex-feed-gap.mjs (hourly),traced to the 17:26 reading; record moved to 18:30 (F11),"summary medians recomputed from rows: 46.88 bps, 248.39 max, 83907 s",single instant read; not re-read,holds; date and n stated
C032,/market/,stat: widest gap,235 bps,,"SNDK · pool $52,132",dex-feed-gap.observed.json summary (17:26 reading on the live page; 18:30 in the record),scripts/measure-dex-feed-gap.mjs (hourly),traced to the 17:26 reading; record moved to 18:30 (F11),"summary medians recomputed from rows: 46.88 bps, 248.39 max, 83907 s",single instant read; not re-read,holds; date and n stated
C033,/market/,stat: median oracle age,22 h 15 min,,7 past the 24 h heartbeat,dex-feed-gap.observed.json summary (17:26 reading on the live page; 18:30 in the record),scripts/measure-dex-feed-gap.mjs (hourly),traced to the 17:26 reading; record moved to 18:30 (F11),"summary medians recomputed from rows: 46.88 bps, 248.39 max, 83907 s",single instant read; not re-read,holds; date and n stated
C034,/market/,stat: tokens trade with no oracle,41,,of 67 with a liquid pool,dex-feed-gap.observed.json summary (17:26 reading on the live page; 18:30 in the record),scripts/measure-dex-feed-gap.mjs (hourly),traced to the 17:26 reading; record moved to 18:30 (F11),"summary medians recomputed from rows: 46.88 bps, 248.39 max, 83907 s",single instant read; not re-read,holds; date and n stated
C035,/market/,stat: tokens created net,"+2,685,113",,23 h to 5 Sept 2026,"primary-flows.observed.json windows[-1] netCreated=2685113.24, mints=3203, burns=513",scripts/measure-primary-flows.mjs (daily),traced,recomputed: minted - burned = net; windows contiguous,single collector run; not re-read from chain,holds
C036,/market/,stat: creations,3203,,188 tokens moved,"primary-flows.observed.json windows[-1] netCreated=2685113.24, mints=3203, burns=513",scripts/measure-primary-flows.mjs (daily),traced,recomputed: minted - burned = net; windows contiguous,single collector run; not re-read from chain,holds
C037,/market/,stat: redemptions,513,,contiguous with the last window,"primary-flows.observed.json windows[-1] netCreated=2685113.24, mints=3203, burns=513",scripts/measure-primary-flows.mjs (daily),traced,recomputed: minted - burned = net; windows contiguous,single collector run; not re-read from chain,holds
C038,/market/,gap rows,26,,,dex-feed-gap.observed.json summary (17:26 reading on the live page; 18:30 in the record),scripts/measure-dex-feed-gap.mjs (hourly),traced to the 17:26 reading; record moved to 18:30 (F11),"summary medians recomputed from rows: 46.88 bps, 248.39 max, 83907 s",single instant read; not re-read,holds; date and n stated
C039,/market/,session rows,5,,,dex-feed-gap.observed.json summary (17:26 reading on the live page; 18:30 in the record),scripts/measure-dex-feed-gap.mjs (hourly),traced to the 17:26 reading; record moved to 18:30 (F11),"summary medians recomputed from rows: 46.88 bps, 248.39 max, 83907 s",single instant read; not re-read,holds; date and n stated
C040,"/t/0xa5d4968421ba94814be3b136b15cf422101ac1a3/ [none, 150 tokens]",answer,"No dividend has been declared for this token, and its multiplier has never moved.",,,"registry + events + archive: LUNR never moved, nothing declared",,traced,reproduced from the files,chain: multiplier 1.0 at head on 2 endpoints,holds
C041,/t/0xa5d4968421ba94814be3b136b15cf422101ac1a3/ [none],stat: shares per token today,1,,unchanged since launch,"registry + events + archive: LUNR never moved, nothing declared",,traced,reproduced from the files,chain: multiplier 1.0 at head on 2 endpoints,holds
C042,/t/0xa5d4968421ba94814be3b136b15cf422101ac1a3/ [none],stat: owed,—,,nothing declared and unpaid,"registry + events + archive: LUNR never moved, nothing declared",,traced,reproduced from the files,chain: multiplier 1.0 at head on 2 endpoints,holds
C043,/t/0xa5d4968421ba94814be3b136b15cf422101ac1a3/ [none],stat: no dividend measured yet,—,,,"registry + events + archive: LUNR never moved, nothing declared",,traced,reproduced from the files,chain: multiplier 1.0 at head on 2 endpoints,holds
C044,/t/0xa5d4968421ba94814be3b136b15cf422101ac1a3/ [none],stat: Chainlink price feed,no,,nothing to price a step against,"registry + events + archive: LUNR never moved, nothing declared",,traced,reproduced from the files,chain: multiplier 1.0 at head on 2 endpoints,holds
C045,/t/0xa5d4968421ba94814be3b136b15cf422101ac1a3/ [none],og:image,https://www.exdate.me/t/0xa5d4968421ba94814be3b136b15cf422101ac1a3/opengraph-image?28f3018767a00d7f,,,"registry + events + archive: LUNR never moved, nothing declared",,traced,reproduced from the files,chain: multiplier 1.0 at head on 2 endpoints,holds
C046,/badge/0xa5d4968421ba94814be3b136b15cf422101ac1a3.svg [none],badge value,Intuitive Machines (LUNR) on exdate: no dividend declared,,,"registry + events + archive: LUNR never moved, nothing declared",,traced,reproduced from the files,chain: multiplier 1.0 at head on 2 endpoints,holds
C047,"/t/0xb0992820e760d836549ba69bc7598b4af75dee03/ [moved, 4 tokens]",answer,The multiplier last moved on 27 July 2026 with no dividend declared in the issuer’s feed.,,,"ORCL: events (2026-07-27), map pairing ticker only",,traced,"reproduced: step +22.11 bps, no issuer row (July loss)","chain: 2 endpoints at head (blockmachine, Robinhood); state at the step: blockmachine only",holds
C048,/t/0xb0992820e760d836549ba69bc7598b4af75dee03/ [moved],stat: shares per token today,1.002211,,since 27 Jul 2026,"ORCL: events (2026-07-27), map pairing ticker only",,traced,"reproduced: step +22.11 bps, no issuer row (July loss)","chain: 2 endpoints at head (blockmachine, Robinhood); state at the step: blockmachine only",holds
C049,/t/0xb0992820e760d836549ba69bc7598b4af75dee03/ [moved],stat: owed,—,,nothing declared and unpaid,"ORCL: events (2026-07-27), map pairing ticker only",,traced,"reproduced: step +22.11 bps, no issuer row (July loss)","chain: 2 endpoints at head (blockmachine, Robinhood); state at the step: blockmachine only",holds
C050,/t/0xb0992820e760d836549ba69bc7598b4af75dee03/ [moved],stat: no dividend measured yet,—,,1 change on chain,"ORCL: events (2026-07-27), map pairing ticker only",,traced,"reproduced: step +22.11 bps, no issuer row (July loss)","chain: 2 endpoints at head (blockmachine, Robinhood); state at the step: blockmachine only",holds
C051,/t/0xb0992820e760d836549ba69bc7598b4af75dee03/ [moved],stat: Chainlink price feed,yes,,paired by ticker only,"ORCL: events (2026-07-27), map pairing ticker only",,traced,"reproduced: step +22.11 bps, no issuer row (July loss)","chain: 2 endpoints at head (blockmachine, Robinhood); state at the step: blockmachine only",holds
C052,/t/0xb0992820e760d836549ba69bc7598b4af75dee03/ [moved],dividend row: 27 Jul 2026 on chain Step observed +0.22,— | — | — | nothing declared,,,reconciliations rows status=unmatched,,traced,reproduced: no issuer row inside the 4-day window,"chain: 2 endpoints at head (blockmachine, Robinhood); state at the step: blockmachine only",holds ('nothing declared'; July loss is known gap 1.6)
C053,/t/0xb0992820e760d836549ba69bc7598b4af75dee03/ [moved],og:image,https://www.exdate.me/t/0xb0992820e760d836549ba69bc7598b4af75dee03/opengraph-image?28f3018767a00d7f,,,"ORCL: events (2026-07-27), map pairing ticker only",,traced,"reproduced: step +22.11 bps, no issuer row (July loss)","chain: 2 endpoints at head (blockmachine, Robinhood); state at the step: blockmachine only",holds
C054,/badge/0xb0992820e760d836549ba69bc7598b4af75dee03.svg [moved],badge value,"Oracle (ORCL) on exdate: moved on chain, nothing declared",,,"ORCL: events (2026-07-27), map pairing ticker only",,traced,"reproduced: step +22.11 bps, no issuer row (July loss)","chain: 2 endpoints at head (blockmachine, Robinhood); state at the step: blockmachine only",holds
C055,"/t/0x2e0847e8910a9732eb3fb1bb4b70a580adad4fe3/ [next, 21 tokens]",answer,Next dividend declared for 14 September 2026 : $ 0.2200 per share. Nothing is owed yet.,,,GOOGL: archive row 2026-09-14 rate 0.22; map corroboratedBy traded-price,,traced,reproduced: owed = 0.22 x 1.0,issuer API refetched 2026-09-05T19:55Z; map,holds
C056,/t/0x2e0847e8910a9732eb3fb1bb4b70a580adad4fe3/ [next],stat: shares per token today,1,,unchanged since launch,GOOGL: archive row 2026-09-14 rate 0.22; map corroboratedBy traded-price,,traced,reproduced: owed = 0.22 x 1.0,issuer API refetched 2026-09-05T19:55Z; map,holds
C057,/t/0x2e0847e8910a9732eb3fb1bb4b70a580adad4fe3/ [next],"stat: per share, declared",$0.2200,,for 14 Sept 2026 · nothing owed yet,GOOGL: archive row 2026-09-14 rate 0.22; map corroboratedBy traded-price,,traced,reproduced: owed = 0.22 x 1.0,issuer API refetched 2026-09-05T19:55Z; map,holds
C058,/t/0x2e0847e8910a9732eb3fb1bb4b70a580adad4fe3/ [next],stat: no dividend measured yet,—,,,GOOGL: archive row 2026-09-14 rate 0.22; map corroboratedBy traded-price,,traced,reproduced: owed = 0.22 x 1.0,issuer API refetched 2026-09-05T19:55Z; map,holds
C059,/t/0x2e0847e8910a9732eb3fb1bb4b70a580adad4fe3/ [next],stat: Chainlink price feed,yes,,"paired by ticker, confirmed by its price",GOOGL: archive row 2026-09-14 rate 0.22; map corroboratedBy traded-price,,traced,reproduced: owed = 0.22 x 1.0,issuer API refetched 2026-09-05T19:55Z; map,holds
C060,/t/0x2e0847e8910a9732eb3fb1bb4b70a580adad4fe3/ [next],dividend row: 14 Sept 2026 issuer’s date Declared for ,$0.2200 | — | $0.2200 | upcoming,,,GOOGL: archive row 2026-09-14 rate 0.22; map corroboratedBy traded-price,,traced,reproduced: owed = 0.22 x 1.0,issuer API refetched 2026-09-05T19:55Z; map,holds
C061,/t/0x2e0847e8910a9732eb3fb1bb4b70a580adad4fe3/ [next],og:image,https://www.exdate.me/t/0x2e0847e8910a9732eb3fb1bb4b70a580adad4fe3/opengraph-image?28f3018767a00d7f,,,GOOGL: archive row 2026-09-14 rate 0.22; map corroboratedBy traded-price,,traced,reproduced: owed = 0.22 x 1.0,issuer API refetched 2026-09-05T19:55Z; map,holds
C062,/badge/0x2e0847e8910a9732eb3fb1bb4b70a580adad4fe3.svg [next],badge value,Alphabet Class A (GOOGL) on exdate: dividend declared for 14 Sep,,,GOOGL: archive row 2026-09-14 rate 0.22; map corroboratedBy traded-price,,traced,reproduced: owed = 0.22 x 1.0,issuer API refetched 2026-09-05T19:55Z; map,holds
C063,"/t/0x25c288e6d899b9bc30160965ad9644c67e73be0c/ [measured, 5 tokens]",answer,"Last dividend on chain, 1 September 2026 : $ 0.1500 declared, and no price feed to measure what arrived .",,,"F: events 2026-09-02, archive 2026-09-01 rate 0.15, no feed, capture givenUp",,traced,reproduced,"chain: 2 endpoints at head (blockmachine, Robinhood); state at the step: blockmachine only; capture record",holds
C064,/t/0x25c288e6d899b9bc30160965ad9644c67e73be0c/ [measured],stat: shares per token today,1.000146,,since 2 Sept 2026,"F: events 2026-09-02, archive 2026-09-01 rate 0.15, no feed, capture givenUp",,traced,reproduced,"chain: 2 endpoints at head (blockmachine, Robinhood); state at the step: blockmachine only; capture record",holds
C065,/t/0x25c288e6d899b9bc30160965ad9644c67e73be0c/ [measured],stat: owed,—,,nothing declared and unpaid,"F: events 2026-09-02, archive 2026-09-01 rate 0.15, no feed, capture givenUp",,traced,reproduced,"chain: 2 endpoints at head (blockmachine, Robinhood); state at the step: blockmachine only; capture record",holds
C066,/t/0x25c288e6d899b9bc30160965ad9644c67e73be0c/ [measured],stat: last dividend not measurable,—,,no price feed,"F: events 2026-09-02, archive 2026-09-01 rate 0.15, no feed, capture givenUp",,traced,reproduced,"chain: 2 endpoints at head (blockmachine, Robinhood); state at the step: blockmachine only; capture record",holds
C067,/t/0x25c288e6d899b9bc30160965ad9644c67e73be0c/ [measured],stat: Chainlink price feed,no,,nothing to price a step against,"F: events 2026-09-02, archive 2026-09-01 rate 0.15, no feed, capture givenUp",,traced,reproduced,"chain: 2 endpoints at head (blockmachine, Robinhood); state at the step: blockmachine only; capture record",holds
C068,/t/0x25c288e6d899b9bc30160965ad9644c67e73be0c/ [measured],dividend row: 1 Sept 2026 issuer’s date Price at the s,$0.1500 | — | — | no price feed,,,"F: events 2026-09-02, archive 2026-09-01 rate 0.15, no feed, capture givenUp",,traced,reproduced,"chain: 2 endpoints at head (blockmachine, Robinhood); state at the step: blockmachine only; capture record",holds
C069,/t/0x25c288e6d899b9bc30160965ad9644c67e73be0c/ [measured],og:image,https://www.exdate.me/t/0x25c288e6d899b9bc30160965ad9644c67e73be0c/opengraph-image?28f3018767a00d7f,,,"F: events 2026-09-02, archive 2026-09-01 rate 0.15, no feed, capture givenUp",,traced,reproduced,"chain: 2 endpoints at head (blockmachine, Robinhood); state at the step: blockmachine only; capture record",holds
C070,/badge/0x25c288e6d899b9bc30160965ad9644c67e73be0c.svg [measured],badge value,"Ford Motor (F) on exdate: dividend on chain, not measurable",,,"F: events 2026-09-02, archive 2026-09-01 rate 0.15, no feed, capture givenUp",,traced,reproduced,"chain: 2 endpoints at head (blockmachine, Robinhood); state at the step: blockmachine only; capture record",holds
C071,"/t/0x2f62fc9fabb470c690f141c28340ed832bb27020/ [owed, 14 tokens]",answer,"2 dividends are owed and not yet on chain , the oldest declared for 5 August 2026 ; the issuer already calls some of them paid .",,,BND: archive rows 08-05 (COMPLETED) and 09-03; multiplier 1.0,,traced,reproduced: owed = rate x 1.0 (0.2516 / 0.2529),issuer API refetched 2026-09-05T19:55Z; chain multiplier at head,holds
C072,/t/0x2f62fc9fabb470c690f141c28340ed832bb27020/ [owed],stat: shares per token today,1,,unchanged since launch,BND: archive rows 08-05 (COMPLETED) and 09-03; multiplier 1.0,,traced,reproduced: owed = rate x 1.0 (0.2516 / 0.2529),issuer API refetched 2026-09-05T19:55Z; chain multiplier at head,holds
C073,/t/0x2f62fc9fabb470c690f141c28340ed832bb27020/ [owed],"stat: dividends owed, not on chain",2,,declared for 5 Aug 2026,BND: archive rows 08-05 (COMPLETED) and 09-03; multiplier 1.0,,traced,reproduced: owed = rate x 1.0 (0.2516 / 0.2529),issuer API refetched 2026-09-05T19:55Z; chain multiplier at head,holds
C074,/t/0x2f62fc9fabb470c690f141c28340ed832bb27020/ [owed],stat: no dividend measured yet,—,,,BND: archive rows 08-05 (COMPLETED) and 09-03; multiplier 1.0,,traced,reproduced: owed = rate x 1.0 (0.2516 / 0.2529),issuer API refetched 2026-09-05T19:55Z; chain multiplier at head,holds
C075,/t/0x2f62fc9fabb470c690f141c28340ed832bb27020/ [owed],stat: Chainlink price feed,no,,nothing to price a step against,BND: archive rows 08-05 (COMPLETED) and 09-03; multiplier 1.0,,traced,reproduced: owed = rate x 1.0 (0.2516 / 0.2529),issuer API refetched 2026-09-05T19:55Z; chain multiplier at head,holds
C076,/t/0x2f62fc9fabb470c690f141c28340ed832bb27020/ [owed],dividend row: 3 Sept 2026 issuer’s date Declared for 3,$0.2529 | — | $0.2529 | due,,,BND: archive rows 08-05 (COMPLETED) and 09-03; multiplier 1.0,,traced,reproduced: owed = rate x 1.0 (0.2516 / 0.2529),issuer API refetched 2026-09-05T19:55Z; chain multiplier at head,holds
C077,/t/0x2f62fc9fabb470c690f141c28340ed832bb27020/ [owed],dividend row: 5 Aug 2026 issuer’s date Declared for 5 ,$0.2516 | — | $0.2516 | issuer says paid,,,BND: archive rows 08-05 (COMPLETED) and 09-03; multiplier 1.0,,traced,reproduced: owed = rate x 1.0 (0.2516 / 0.2529),issuer API refetched 2026-09-05T19:55Z; chain multiplier at head,holds
C078,/t/0x2f62fc9fabb470c690f141c28340ed832bb27020/ [owed],og:image,https://www.exdate.me/t/0x2f62fc9fabb470c690f141c28340ed832bb27020/opengraph-image?28f3018767a00d7f,,,BND: archive rows 08-05 (COMPLETED) and 09-03; multiplier 1.0,,traced,reproduced: owed = rate x 1.0 (0.2516 / 0.2529),issuer API refetched 2026-09-05T19:55Z; chain multiplier at head,holds
C079,/badge/0x2f62fc9fabb470c690f141c28340ed832bb27020.svg [owed],badge value,"Vanguard Total Bond Market ETF (BND) on exdate: 2 dividends owed, not on chain",,,BND: archive rows 08-05 (COMPLETED) and 09-03; multiplier 1.0,,traced,reproduced: owed = rate x 1.0 (0.2516 / 0.2529),issuer API refetched 2026-09-05T19:55Z; chain multiplier at head,holds
C080,/about/,stat: warning before a change,~10 min,,12 changes so far,multiplier-events leadMinutes,,traced,"recomputed: median 9.6 min, 11 of 12 within 10 min","chain: 2 endpoints at head (blockmachine, Robinhood); state at the step: blockmachine only",holds
C081,/about/,stat: after the issuer’s date,1 day,,4 of 6 datable cases,reconciliations change.lagDays on 6 datable rows,,traced,"recomputed: lags 1,1,3,1,3,1 -> median 1 day, 4 of 6 at 1 day",issuer API refetched 2026-09-05T19:55Z,holds
C082,/about/,stat: Stock Tokens read,194,,last observed 5 September 2026,robinhood-assets.snapshot.json 194 (fetched 2026-09-02),,traced,refetched: 194,issuer API refetched 2026-09-05T19:55Z,holds
C083,/tokenlist.json,tokens,194,,,exdate.tokenlist.json,,traced,"rebuilt from committed data: NOT byte-identical (DELL corroboration, F03)",n/a,holds
C084,/tokenlist.json,version,"{""major"": 1, ""minor"": 0, ""patch"": 3}",,2026-09-05T06:38:51.926Z,exdate.tokenlist.json,,traced,"rebuilt from committed data: NOT byte-identical (DELL corroboration, F03)",n/a,holds
C085,/tokenlist.json,SGOV extensions,"{""underlyingSharesPerToken"": ""1.005101770003214918"", ""isin"": ""US46436E7186"", ""priceFeed"": ""0xa0DF4ee0fFf975306345875E3548Fcc519577A11"", ""priceFeedCorroboratedBy"": ""multiplier-step,traded-price"", ""dividendDeclaredNotOnChain"": true, ""dividendOwedPerToken"": ""0.308665"", ""dividendProcessDate"": ""2026-09-0",,,tokenlist SGOV extensions vs map/archive/events,,traced,"reproduced: multiplier, owed 0.306812 x 1.005102 = 0.308665","chain: 2 endpoints at head (blockmachine, Robinhood); state at the step: blockmachine only; issuer API refetched 2026-09-05T19:55Z",holds
C086,/calendar.ics,VEVENT count,49,,20260905T171626Z,reconciliations (37 declared) + events (12) = 49,,"traced; INCOMPLETE: VRT, AVGO, UPS absent (F01, F02)","recounted 49; CRLF, 75-octet folding, unique UIDs verified",n/a,S3 (F02)
C087,/feed.xml,items,49,,"Sat, 05 Sep 2026 17:16:26 GMT",reconciliations (37 declared) + events (12) = 49,,"traced; INCOMPLETE: VRT, AVGO, UPS absent (F01, F02)","recounted 49; CRLF, 75-octet folding, unique UIDs verified",n/a,S3 (F02)
C088,/badge.svg,title,exdate: 36% of Apple’s last dividend never arrived on chain,,,reconciliations.observed.json rows[AAPL matched].impliedHaircutBps=3601,scripts/build-reconciliations.mjs; getRoundData(18446744073709552078) on 0x6B22…cD0,traced,reproduced by hand: 3601.81 bps -> 3601 (floor) / 3602 (round); received 0.172751,"chain: 2 endpoints at head (blockmachine, Robinhood); state at the step: blockmachine only; Chainlink directory refetched 2026-09-05T19:55Z; round read from the aggregator",holds; S4 price stored at 4 dp (F08)
C089,/t/0xf23250dac154d05bb671cb0d0ebef3c635c79ce2/ [UPS],"answer: One dividend is owed and not yet on chain: declared for 3 September 2026, $1.6400 per token",owed,,3 Sept 2026,reconciliations rows[UPS] status=pending (built before the step),scripts/build-reconciliations.mjs,traced to a stale file,CONTRADICTED: chain multiplier 1.002208724969205741 on 2 endpoints; log 0xc3a0a692… at block 54355503; API pending nothingPending=true,"chain: 2 endpoints at head (blockmachine, Robinhood); state at the step: blockmachine only; live API; capture record",S0: the dividend landed on 2026-09-04 15:10:26 UTC (F01)
C090,/t/0xf23250dac154d05bb671cb0d0ebef3c635c79ce2/ [UPS],stat: shares per token today,1,,unchanged since launch,multiplier-events (no UPS row),scripts/backfill-multiplier-events.mjs,traced to a stale scan (through block 52672800),CONTRADICTED: 1.002209 on chain,"chain: 2 endpoints at head (blockmachine, Robinhood); state at the step: blockmachine only",S0 (F01)
C091,/badge/0xf23250dac154d05bb671cb0d0ebef3c635c79ce2.svg [UPS],"badge value: dividend owed, not on chain",,,,same as C089,,traced to a stale file,CONTRADICTED,"chain: 2 endpoints at head (blockmachine, Robinhood); state at the step: blockmachine only",S0 (F01)
C092,/tokenlist.json [UPS],extensions.underlyingSharesPerToken / dividendDeclaredNotOnChain,1 / true,,2026-09-05T06:38:51Z,tokenlist built from events (stale) + archive,scripts/build-token-list.mjs,traced to a stale scan,CONTRADICTED: 1.002208724969205741 on chain,"chain: 2 endpoints at head (blockmachine, Robinhood); state at the step: blockmachine only",S0 (F01)
